,n_sequences,n_residues,n_residues_log10,n_sequences_log10,tablesize
mammalia,67241,33332118,7.52286291061486,4.827634163590344,8
eukaryota,190642,83870914,7.923611375853915,5.280218585488251,8
opisthokonta,141854,64718973,7.811031617010091,5.151841586543115,8
swissprot,561911,202173710,8.305724680709726,5.7496675339502845,9
not_eukaryota,371102,118211069,8.072658144739362,5.569493294921737,9
bacteria,334482,104786625,8.020305852691685,5.524372751368378,9
archea,19613,5679297,6.754294580796227,4.292544028333579,7
uniref,213522593,79159865498,10.898505047617153,8.329443834846302,11
